[
  {
    "baseType": 3,
    "name": "message",
    "defaultValue": "",
    "description": "",
    "helpText": "",
    "isSystem": false,
    "minLength": 0,
    "maxLength": 10000,
    "validationRegex": "",
    "isValidate": false,
    "uuid": "a97603c9-bd4f-48a3-8a2f-4124ddc4f07b"
  },
  {
    "baseType": 3,
    "name": "offsetlimit",
    "defaultValue": "offset=0&limit=100",
    "description": "",
    "helpText": "",
    "isSystem": false,
    "minLength": 0,
    "maxLength": 50,
    "validationRegex": "",
    "isValidate": false,
    "uuid": "d86d03b1-e71c-43e1-b3d7-e5bd1504ebc2"
  },
  {
    "baseType": 3,
    "name": "startmeup",
    "defaultValue": "start event",
    "description": "",
    "helpText": "",
    "isSystem": false,
    "minLength": 0,
    "maxLength": 300,
    "validationRegex": "",
    "isValidate": false,
    "uuid": "3da51c56-845c-47d2-9e36-f7c250c4464e"
  },
  {
    "baseType": 3,
    "name": "subject",
    "defaultValue": "",
    "description": "",
    "helpText": "",
    "isSystem": false,
    "minLength": 0,
    "maxLength": 300,
    "validationRegex": "",
    "isValidate": false,
    "uuid": "dbf81820-fa80-4a30-92c4-0b99ab474c4c"
  }
]