{
  "integrations": [
    {
      "id": "31110e06-3671-43c4-ad4e-10fd3783eaa9",
      "name": "Initiate users not in group - Event Status Updates",
      "action": "RUN_SCRIPT",
      "type": "OUTBOUND_WEBHOOK",
      "triggeredBy": "STATUS",
      "deployed": true,
      "form": "7d9af92e-1151-45fb-8a60-efa27113429b",
      "environment": "HOSTED",
      "authType": "NONE",
      "createdBy": "FLOW"
    },
    {
      "id": "658d82f8-da78-464d-8978-19283c1761d7",
      "name": "Initiate users not in group - Person trigger",
      "action": "RUN_SCRIPT",
      "type": "INBOUND_WEBHOOK",
      "deployed": true,
      "form": "7d9af92e-1151-45fb-8a60-efa27113429b",
      "environment": "HOSTED",
      "authType": "URL",
      "createdBy": "FLOW",
      "integrationScriptStepUuid": "cdc3e3eb-134c-43c4-a9b1-e6e70ec3021c"
    }
  ],
  "endpoints": [],
  "constants": []
}