[
  {
    "id": "52063a4d-ff15-481a-afea-f83c01c97ce3",
    "name": "Get all standard users",
    "description": "UNG Get all standard users",
    "icon": "https://s3-xmatters-static.s3.amazonaws.com/null/customers/c1708668-22fc-4c19-b82a-602bc08e53b7/IMAGE__20200415220215279__IMG_0671%20(2).png",
    "script": "/*\n* Inputs for the script step appear as properties\n* of the input object.\n* This example shows how to access Inputs named\n* 'APIKey' and 'Application Host'.\n*/\n//var department = input.APIKey;\n//var address = input['Application Host'];\n\n/*\n* If an input is not required, it may not be\n* present on the input object. Check that it\n* is present before using it.\n*/\n//if (input.priorityLevel != null) {\n//     var priority = input.priorityLevel.toUpperCase();\n//}\n\n/*\n* If the script step has declared outputs, their\n* values should be set on the output object.\n* This example shows how to emit outputs named\n* 'Priority' and 'Server Name'.\n*/\n//output.Priority = priority;\n//output['Server Name'] = input['Application Host'];\n\n/**\n * To use a library in this script, include the following statements, replacing\n * 'My Library' with the reference name you give the library when you select to\n * include it in the script.\n */\n// var helloWorld = require('hello world')\n// output['Message'] = helloWorld.createGreeting('sample message') // \"Hello, sample message\"\n\n/*\n* If the script step has an endpoint, it can\n* be used to make HTTP requests.\n* This example shows how to make a request using\n* an endpoint named 'ExampleAPI' and an input\n* named 'personId', then set the output property\n* 'User Name' using the result.\n*/\n \nvar apiRequest = http.request({\n    'endpoint': 'xMatters',\n//    'path': '/api/xm/1/people?roles=standard%20user&offset=0&limit=100',\n    'path': '/api/xm/1/people?roles=standard%20user&'+input.limitoffset,\n    'method': 'GET'\n});\nvar apiResponse = apiRequest.write();\noutput['responseStatus'] = apiResponse.statusCode;\nif (apiResponse.statusCode == 200) {\n    var json = JSON.parse(apiResponse.body);\n    var peopleCount = json.count;\n    \n   var personArray = [];\n   \n   for (k = 0; k < peopleCount; k++) {   // loop for the number of groups \n     console.log(\"Person = \" + json.data[k].targetName);\n     personArray.push (json.data[k].targetName);\n   }\n}   \n    output['personArray'] = personArray;\n\n ",
    "endpointLabel": "xMatters",
    "allowedEnvironment": "HOSTED",
    "accessibleByAll": "NotShared",
    "scriptStepType": "USER",
    "inputs": [
      {
        "id": "4da77c9f-2260-419c-9beb-b8c2af5666bb",
        "name": "startevent",
        "helpText": "",
        "defaultValue": "",
        "multiline": false,
        "required": false,
        "validationRegex": "",
        "maxLength": 2000,
        "minLength": 0,
        "position": 0
      },
      {
        "id": "7e8e7d9a-8222-49b9-9437-84c834fa01d1",
        "name": "limitoffset",
        "helpText": "",
        "defaultValue": "",
        "multiline": false,
        "required": false,
        "validationRegex": "",
        "maxLength": 100,
        "minLength": 0,
        "position": 1
      }
    ],
    "outputs": [
      {
        "id": "339a0447-3281-4064-8586-1b8905fe2e24",
        "name": "New Output",
        "description": "",
        "position": 0
      },
      {
        "id": "d29d2e32-3ec1-427e-9751-83ac77550767",
        "name": "personArray",
        "position": 1
      },
      {
        "id": "d2dd6f18-67d4-4f3c-b73b-87447453e194",
        "name": "responseStatus",
        "position": 2
      }
    ],
    "libraries": []
  },
  {
    "id": "8c000c2b-5b95-47a2-9d39-a7e25454dd61",
    "name": "Get a person's roles",
    "description": "Get a person's roles",
    "icon": "https://s3-xmatters-static.s3.amazonaws.com/null/customers/c1708668-22fc-4c19-b82a-602bc08e53b7/IMAGE__20200415220215279__IMG_0671%20(2).png",
    "script": "if (input['at'] !== undefined) {\n    \n    var at = \"&at=\" + input['at'];\n}\nelse {\n    var at = \"\";\n}\nvar newPersonArray = [];\n\ninput['personArray'].forEach (getRoles)\n\nfunction getRoles (person)   {\n\n console.log(\"Person n number :\" + person );\n \nvar apiRequest = http.request({\n    'endpoint': 'xMatters',\n    'path': '/api/xm/1/people/' + person + \"?embed=roles\" + at,\n    'method': 'GET'\n});\n\nvar apiResponse = apiRequest.write();\n\noutput['statusCode'] = apiResponse.statusCode;    \n\nif (apiResponse.statusCode == 200) {\n\n    var response = JSON.parse(apiResponse.body);\n    output['id'] = response.id;\n    output['targetName'] = response.targetName;\n    output['recipientType'] = response.recipientType;\n    output['externallyOwned'] = response.externallyOwned;\n    output['firstName'] = response.firstName;\n    output['lastName'] = response.lastName;\n    output['language'] = response.language;\n    output['timezone'] = response.timezone;\n    output['webLogin'] = response.webLogin;\n    output['phoneLogin'] = response.phoneLogin;\n    output['site'] = response.site.id;\n    \n    console.log(\"Person name :\" + response.firstName + \" \" + response.lastName);\n    \n    if (response.roles.count ===1) {\n        newPersonArray.push (person);\n    }\n    else {\n        console.log (person + \"has \" +response.roles.count + \" roles so exclude\" )\n    }\n    \n    if (typeof response.properties !== 'undefined') {\n    output['properties'] = response.properties;\n    }\n    \n    if (typeof response.roles !== 'undefined') {\n        output['roles_total'] = response.roles.total;\n        var rolesArray = [];\n        for (var r in response.roles.data){\n           rolesArray.push( response.roles.data[r].name );\n        }\n        output['roles'] = rolesArray;\n        console.log(\"Roles are : \"+ output.roles);\n     }\n     \n   if (typeof response.supervisors !== 'undefined') {\n        output['supervisors_total'] = response.supervisors.total;\n        var supervisorsArray = [];\n        for (var s in response.supervisors.data){\n           supervisorsArray.push( response.supervisors.data[s].targetName );\n        }\n        output['supervisors'] = supervisorsArray;\n//        console.log(\"Supervisors  are : \" + supervisors);\n    }\n    \n}   \n    output['personArray'] = newPersonArray;\n    \n}",
    "endpointLabel": "xMatters",
    "allowedEnvironment": "HOSTED",
    "accessibleByAll": "NotShared",
    "scriptStepType": "USER",
    "inputs": [
      {
        "id": "bea169ac-ca06-4cfb-bab8-03b8d71eaac0",
        "name": "personID",
        "helpText": "The unique identifier (id) or name (targetName) of the person. Example: mmcbride Example: b2341d69-8b83-4660-b8c8-f2e728f675f9",
        "defaultValue": "",
        "multiline": false,
        "required": true,
        "validationRegex": "",
        "maxLength": 2000,
        "minLength": 0,
        "position": 0
      },
      {
        "id": "cec16f2e-d8ce-4d35-9f2e-428881f7277c",
        "name": "at",
        "helpText": "A date and time in UTC format that represents the time in the past at which you want to view the state of the data in the system. Using the at query parameter tells the request to search historical data. Example: 2017-05-01T19:00:00.000Z",
        "defaultValue": "",
        "multiline": false,
        "required": false,
        "validationRegex": "",
        "maxLength": 2000,
        "minLength": 0,
        "position": 1
      },
      {
        "id": "31b2e1b1-d1f5-430f-8c43-10d5156137f1",
        "name": "personArray",
        "helpText": "",
        "defaultValue": "",
        "multiline": false,
        "required": true,
        "maxLength": 10000,
        "minLength": 0,
        "position": 2
      }
    ],
    "outputs": [
      {
        "id": "b5bdbc15-ff6f-480e-aa78-889f098a41a4",
        "name": "id",
        "description": "",
        "position": 0
      },
      {
        "id": "40bd3c6a-6836-4195-9f96-b786c16767e2",
        "name": "targetName",
        "description": "",
        "position": 1
      },
      {
        "id": "8d66b31d-bb91-45ac-a804-2fb0b21d1a75",
        "name": "recipientType",
        "description": "",
        "position": 2
      },
      {
        "id": "fd3a4fa7-ab3d-4361-8ab4-bfae52d2c0a2",
        "name": "externallyOwned",
        "description": "",
        "position": 3
      },
      {
        "id": "d463ca9f-e7b4-4f5e-938f-6f37687638d2",
        "name": "firstName",
        "description": "",
        "position": 4
      },
      {
        "id": "f739cd36-76a5-4059-8e1d-6896377aff54",
        "name": "lastName",
        "description": "",
        "position": 5
      },
      {
        "id": "923d58ba-22f0-4602-bb2c-3155e3d93ec7",
        "name": "language",
        "description": "",
        "position": 6
      },
      {
        "id": "c82f6c53-c873-42e1-9178-d877d1ab315a",
        "name": "timezone",
        "description": "",
        "position": 7
      },
      {
        "id": "a06bf3e7-c681-439a-ab85-feafb8836274",
        "name": "webLogin",
        "description": "",
        "position": 8
      },
      {
        "id": "e7f29fb4-a29e-4ba1-8efa-5cc095d4c379",
        "name": "phoneLogin",
        "description": "",
        "position": 9
      },
      {
        "id": "7a82e5d5-9a0e-4c2d-bf89-a07cdeb0a9d6",
        "name": "site",
        "description": "",
        "position": 10
      },
      {
        "id": "1b114c35-45b8-4e32-ab23-da3051c1a2f4",
        "name": "properties",
        "description": "",
        "position": 11
      },
      {
        "id": "acd51fa8-dd02-4942-8f25-6bad62539fca",
        "name": "roles_total",
        "description": "",
        "position": 12
      },
      {
        "id": "08aae556-0167-44b3-abd5-aa0bae9ca2fc",
        "name": "roles",
        "description": "",
        "position": 13
      },
      {
        "id": "974cc1bf-3942-4745-8e73-f530d4860c67",
        "name": "status",
        "description": "",
        "position": 14
      },
      {
        "id": "0334c70d-e6de-4a85-b4eb-b9b9ba48a6a2",
        "name": "supervisors",
        "description": "",
        "position": 15
      },
      {
        "id": "813bb41e-4c4f-47f4-8870-ff2b98ac39fb",
        "name": "supervisors_total",
        "description": "",
        "position": 16
      },
      {
        "id": "e1ea9d71-6a7c-4115-8e2d-f77cd1f04b0b",
        "name": "statusCode",
        "description": "",
        "position": 17
      },
      {
        "id": "859e71fb-934e-4785-acf4-caa4ecb5d2fd",
        "name": "personArray",
        "position": 18
      }
    ],
    "libraries": []
  },
  {
    "id": "4437d6d9-d9e9-429a-b0ad-de6a996f04fd",
    "name": "Get People's Group membership",
    "description": "api call to get groups person is a member of",
    "icon": "https://s3-xmatters-static.s3.amazonaws.com/null/customers/c1708668-22fc-4c19-b82a-602bc08e53b7/IMAGE__20200415220215279__IMG_0671%20(2).png",
    "script": "var resultText = '';\nvar peopleCount = input['personArray'].length;\nconsole.log (\"Got \" +   peopleCount + \"in array \");\n\ninput['personArray'].forEach (getGroupCount)\n\n\nfunction getGroupCount (personID) {\n\nvar apiRequest = http.request({\n    'endpoint': 'xMatters',\n    'path': '/api/xm/1/people/' + personID + '/group-memberships',\n    'method': 'GET'\n});\nvar response = apiRequest.write();\n\noutput['statusCode'] = response.statusCode;   \n\nif (response.statusCode == 200) {\n json = JSON.parse(response.body);\n  \n  console.log (personID + \" is a member of \" + json.count + \" groups\" );  \n   \n if(   json.count === 0) {\n     console.log (\"sending \" + personID + \" to trigger\");\n//post person to trigger     \n//     postPerson (personID);\n   resultText = resultText + personID +'\\n';\n   console.log(\"result \" + resultText);\n }\n     \n\n\n    }\n}\n\n\nfunction postPerson (personID) {\n// Send each group to the trigger\n\nvar trigger = JSON.stringify({\n\n\"targetName\": personID\n\n});\n\nconsole.log( 'Response payload: ' + JSON.stringify( trigger ) );\n\n\nvar req = http.request({\nmethod: 'POST',\nendpoint: 'xMatters',\npath: '/api/integration/1/functions/658d82f8-da78-464d-8978-19283c1761d7/triggers?apiKey=f8325f6b-ca02-41c9-941e-b1663f448d14',\nheaders: {\n'Content-Type': 'application/json'\n}\n});\nreq.write(trigger);\n}\n\n \noutput.resultText= resultText;\n",
    "endpointLabel": "xMatters",
    "allowedEnvironment": "HOSTED",
    "accessibleByAll": "NotShared",
    "scriptStepType": "USER",
    "inputs": [
      {
        "id": "def63738-4595-4f11-acfc-0d1c2979d812",
        "name": "personArray",
        "helpText": "The unique identifier (id) or name (targetName) of people",
        "defaultValue": "",
        "multiline": false,
        "required": true,
        "validationRegex": "",
        "maxLength": 10000,
        "minLength": 0,
        "position": 0
      }
    ],
    "outputs": [
      {
        "id": "4bfad5a1-399a-4318-b429-92277432bb2a",
        "name": "statusCode",
        "description": "",
        "position": 0
      },
      {
        "id": "18a86d2d-2242-42e1-8731-487fbbc98bc8",
        "name": "count",
        "description": "",
        "position": 1
      },
      {
        "id": "20cb2048-be62-4f9b-ab00-3a6c5dca57e8",
        "name": "total",
        "description": "",
        "position": 2
      },
      {
        "id": "8cb65753-1bb9-4227-8824-a66aa1c7656f",
        "name": "groups",
        "description": "",
        "position": 3
      },
      {
        "id": "7b8dd83e-f579-44de-a73b-485528d03cad",
        "name": "self",
        "description": "",
        "position": 4
      },
      {
        "id": "23ec86c0-0bc6-4a78-83d9-102cdb78562e",
        "name": "resultText",
        "position": 5
      }
    ],
    "libraries": []
  },
  {
    "id": "cdc3e3eb-134c-43c4-a9b1-e6e70ec3021c",
    "name": "Person trigger",
    "description": "",
    "icon": "/static/images/script_steps/http-trigger.png",
    "script": "/******************************************************************************\n* Custom HTTP Triggers\n*\n* Using an HTTP trigger lets you start a flow with a simple HTTP call.\n*\n* Each HTTP trigger is authenticated independently, which allows you to use it\n* without storing the login credentials of your xMatters account in an\n* external system.\n*\n* When you create a new HTTP trigger, the script only brings what is included in the payload.\n* This means properties from the form are not available as outputs. You need to map properties\n* from the request to the trigger outputs to use these properties in steps in your flow.\n*\n* The following sample code shows how to parse the payload from an incoming HTTP\n* request, then extract information from the payload and map it to outputs.\n* You can use it as a template and then customize it to work with your integration.\n*\n* For help creating HTTP triggers, see https://help.xmatters.com/ondemand/#cshid=FlowTriggersHTTP\n*/\n \n/**\n* Parse incoming data\n*\n* Typically, data is passed into an HTTP trigger as XML or JSON in the request\n* body, but you can represent the data in another format or include it as a query\n* parameter appended to the URL.\n*\n* The script's built-in request object enables you to access elements of the\n* request, including the payload contained in the request body and any URL\n* parameters. The following code snippets show how to retrieve these values.\n* Choose the option that matches how your system includes data in the request to\n* the HTTP trigger.\n*/\n//var payload = JSON.parse(request.body);  //Use this if the payload is a JSON object in the request body\n//var payload = JXON.parse(request.body);  //Use this if the payload is XML in the request body\n//var payload = request.parameters;        //Use this if the payload is in a query parameter\n \n/******************************************************************************\n* This example shows how to read a ticket number and summary from an incoming JSON\n* payload and map the information to the Ticket ID and Ticket Title outputs of the trigger.\n*\n* The ticket number and summary are passed to the HTTP trigger as a JSON object in the\n* request body.\n*\n* To run this example, uncomment the sample code and run the provided cURL command\n* to target the trigger, including ticket number and summary values in the JSON payload.\n* (Replace 'username' with your user name and the provided URL with the\n* URL from the HTTP trigger's Settings tab.)\n*\n* curl -H \"Content-Type: application/json\" -- user username -X POST -d\n* '{\n*    \"ticket number\" : \"1072128190001\",\n*    \"summary\": \"Web App registration is down\"\n* }' \"https://acmeco.xmatters.com/api/integrations/1/functions/1dc...fe0/triggers\"\n******************************************************************************/\n \n/**\n* Parse the request body (which contains a JSON object) and extract the payload data.\n*/\nvar payload = JSON.parse(request.body);\noutput.personTargetName = payload.targetName;\n\nconsole.log (\"person target name is : \" + payload.targetName);\n//output['Ticket ID'] = payload['ticket number'];\n \n/**\n* Logging\n* To write messages to the Activity Stream, use console.log().\n*/\nconsole.log('Finished running HTTP Trigger receipt script.');\n\n//",
    "allowedEnvironment": "HOSTED",
    "accessibleByAll": "NotShared",
    "triggerAuthType": "URL_AUTH",
    "scriptStepType": "CUSTOM_HTTP",
    "inputs": [],
    "outputs": [
      {
        "id": "5fa2bd59-d730-4baf-afcf-66767d6510ea",
        "name": "personTargetName",
        "position": 0
      }
    ],
    "libraries": []
  }
]