{
  "name": "Initiate users not in group",
  "form": "7d9af92e-1151-45fb-8a60-efa27113429b",
  "blocks": [
    {
      "id": "8d921d98-cb77-4c04-9970-89d0bf077028",
      "label": "Created?",
      "environment": "HOSTED",
      "presentation": "{\"w\":60,\"x\":170,\"h\":60,\"y\":0}",
      "stepType": "SWITCH",
      "inputMappings": [
        {
          "inputPort": "input",
          "mapping": "${triggerOutputSTATUS.statusChanged.auditType}"
        }
      ],
      "switchCases": [
        {
          "caseId": "0244488e-8336-4d9f-b748-bda45bd51151",
          "caseValue": "EVENT_CREATED"
        }
      ]
    },
    {
      "id": "dff5c0b9-1f40-4aad-a005-46c8272e0e79",
      "endpoint": "xMatters",
      "label": "Get People's Group membership",
      "environment": "HOSTED",
      "presentation": "{\"w\":60,\"x\":510,\"h\":60,\"y\":149}",
      "step": "4437d6d9-d9e9-429a-b0ad-de6a996f04fd",
      "stepType": "SCRIPT_STEP",
      "inputMappings": [
        {
          "inputPort": "input",
          "mapping": "${e06d60ac-a50b-4b6a-b35c-d4a6912b68f0.personArray}",
          "stepInput": "def63738-4595-4f11-acfc-0d1c2979d812"
        }
      ]
    },
    {
      "id": "e06d60ac-a50b-4b6a-b35c-d4a6912b68f0",
      "endpoint": "xMatters",
      "label": "Get a person's roles",
      "environment": "HOSTED",
      "presentation": "{\"w\":60,\"x\":434,\"h\":60,\"y\":319}",
      "step": "8c000c2b-5b95-47a2-9d39-a7e25454dd61",
      "stepType": "SCRIPT_STEP",
      "inputMappings": [
        {
          "inputPort": "input",
          "mapping": "123",
          "stepInput": "bea169ac-ca06-4cfb-bab8-03b8d71eaac0"
        },
        {
          "inputPort": "input",
          "mapping": "${adaa179e-dd48-4712-81a1-1942c6812b5f.personArray}",
          "stepInput": "31b2e1b1-d1f5-430f-8c43-10d5156137f1"
        }
      ]
    },
    {
      "id": "adaa179e-dd48-4712-81a1-1942c6812b5f",
      "endpoint": "xMatters",
      "label": "Get all standard users",
      "environment": "HOSTED",
      "presentation": "{\"w\":60,\"x\":340,\"h\":60,\"y\":149}",
      "step": "52063a4d-ff15-481a-afea-f83c01c97ce3",
      "stepType": "SCRIPT_STEP",
      "inputMappings": [
        {
          "inputPort": "input",
          "mapping": "${event.properties.startmeup}",
          "stepInput": "4da77c9f-2260-419c-9beb-b8c2af5666bb"
        },
        {
          "inputPort": "input",
          "mapping": "${event.properties.offsetlimit}",
          "stepInput": "7e8e7d9a-8222-49b9-9437-84c834fa01d1"
        }
      ]
    },
    {
      "id": "7dfb20f2-4733-4e6e-b830-d1a26d3e6ba1",
      "label": "Initiate users not in group - Event Status Updates",
      "environment": "HOSTED",
      "presentation": "{\"w\":60,\"x\":0,\"h\":60,\"y\":149}",
      "step": "31110e06-3671-43c4-ad4e-10fd3783eaa9",
      "stepType": "INTEGRATION"
    },
    {
      "id": "456de8e5-ad87-4b43-addf-4ccd837d2169",
      "label": "Initiate users not in group - Person trigger",
      "environment": "HOSTED",
      "presentation": "{\"w\":60,\"x\":649,\"h\":60,\"y\":449}",
      "step": "658d82f8-da78-464d-8978-19283c1761d7",
      "stepType": "INTEGRATION"
    },
    {
      "id": "a9bb40eb-e145-4ef9-b190-a4b12e72ca09",
      "label": "xMatters Create Event - Message Users not in a group",
      "environment": "HOSTED",
      "presentation": "{\"w\":60,\"x\":680,\"h\":60,\"y\":149}",
      "step": "22e4d4d9-978a-4d9d-9aa2-742fbd166f15",
      "stepType": "CREATE_EVENT",
      "inputMappings": [
        {
          "inputPort": "input",
          "mapping": "${dff5c0b9-1f40-4aad-a005-46c8272e0e79.resultText}",
          "sectionItemKey": "a97603c9-bd4f-48a3-8a2f-4124ddc4f07b"
        },
        {
          "inputPort": "input",
          "mapping": "Users not in group",
          "sectionItemKey": "dbf81820-fa80-4a30-92c4-0b99ab474c4c"
        }
      ]
    },
    {
      "id": "0a70f57c-5cbb-4854-a611-132bf2b77e92",
      "label": "xMatters Create Event - Message Users not in a group",
      "environment": "HOSTED",
      "presentation": "{\"w\":60,\"x\":852,\"h\":60,\"y\":446}",
      "step": "22e4d4d9-978a-4d9d-9aa2-742fbd166f15",
      "stepType": "CREATE_EVENT",
      "inputMappings": [
        {
          "inputPort": "input",
          "mapping": "xMatters not a member of any group",
          "sectionItemKey": "dbf81820-fa80-4a30-92c4-0b99ab474c4c"
        },
        {
          "inputPort": "input",
          "mapping": "${456de8e5-ad87-4b43-addf-4ccd837d2169.personTargetName}",
          "sectionItemKey": "recipients"
        },
        {
          "inputPort": "input",
          "mapping": "${456de8e5-ad87-4b43-addf-4ccd837d2169.personTargetName} is not a member of any group.",
          "sectionItemKey": "a97603c9-bd4f-48a3-8a2f-4124ddc4f07b"
        }
      ]
    }
  ],
  "edges": [
    {
      "fromBlock": "8d921d98-cb77-4c04-9970-89d0bf077028",
      "fromPort": "0244488e-8336-4d9f-b748-bda45bd51151",
      "toBlock": "adaa179e-dd48-4712-81a1-1942c6812b5f",
      "toPort": "input"
    },
    {
      "fromBlock": "adaa179e-dd48-4712-81a1-1942c6812b5f",
      "fromPort": "output",
      "toBlock": "e06d60ac-a50b-4b6a-b35c-d4a6912b68f0",
      "toPort": "input"
    },
    {
      "fromBlock": "dff5c0b9-1f40-4aad-a005-46c8272e0e79",
      "fromPort": "output",
      "toBlock": "a9bb40eb-e145-4ef9-b190-a4b12e72ca09",
      "toPort": "input"
    },
    {
      "fromBlock": "e06d60ac-a50b-4b6a-b35c-d4a6912b68f0",
      "fromPort": "output",
      "toBlock": "dff5c0b9-1f40-4aad-a005-46c8272e0e79",
      "toPort": "input"
    },
    {
      "fromBlock": "456de8e5-ad87-4b43-addf-4ccd837d2169",
      "fromPort": "output",
      "toBlock": "0a70f57c-5cbb-4854-a611-132bf2b77e92",
      "toPort": "input"
    },
    {
      "fromBlock": "7dfb20f2-4733-4e6e-b830-d1a26d3e6ba1",
      "fromPort": "output",
      "toBlock": "8d921d98-cb77-4c04-9970-89d0bf077028",
      "toPort": "input"
    }
  ]
}